Vendor Name,Address,List of Nicknames (| delimited),Web URL,_sheet
"Animal Adventure, LLC	(S1459)","1114 5th St S, Hopkins, MN 55343",Animal Adventure,animaladventure.com,Sheet2
Berwick / Offray,Pennsylvania,Berwick Offray | DG Americas,berwickoffraywholesale.bwweb.net,Sheet2
Bio World Merchandising Inc.,"1159 Cottonwood Ln, Irving, Texas 75038, US",Bioworld | Bioworld  / FL,bioworldmerch.com,Sheet2
BOLEY INTERNATIONAL (HK) LTD,"Tsim Sha Tsui East, Mody Rd, Units 1B & 2B, 10/F, Tower 2, 75 South Seas Centre, Hong Kong",,boleycorp.com,Sheet2
CHEER BILLION (HONG KONG) LIMITED,ROOM 2103 EASEY COMMERCIAL BUILDING 253-261 HENNESSY ROAD WANCHAI HK CHINA,Cheer Billion,,Sheet2
CTM International Giftware Inc.,"11420 Bd Albert-Hudon, Montréal-Nord, QC H1G 3J6, Canada",CTM,ctm-inter.com,Sheet2
"Dan Dee International, LLC","2232 2nd Ave S, Unit C, St. Petersburg, Florida 33712, US",Dan Dee,,Sheet2
Decra Lite Limited,UNIT 811 8/F. TOWER 1 HARBOUR CTR 1 HOK CHEUNG ST HUNG HOM KOWLOON HK,Decra Lite,,Sheet2
Drybranch/Sport Design Inc.,"56 Vanderbilt Motor Parkway, Commack, NY 11725-5710, US",Drybranch / Sport Design,sportdesigninc.com,Sheet2
Elrene Home Fashions,845 EAST 136TH ST BRONX NY 10454 USA NEW YORK NY 10016,Elrene,elrene.com,Sheet2
"Formation Creative Group, LLC","395 Oyster Point Boulevard. Suite 211, South San Francisco, CA 94080",FCG,formationcg.com,Sheet2
FREE-FREE INDUSTRIAL CORP. (S0359),"106 19th Floor, No. 76, Section 2, Dunhua South Road, Da'an District, Taipei City",FREE-FREE,felli.com.tw,Sheet2
GIBO INTERNATIONAL GROUP LIMITED,"Rm 22 F Hoi Tai Factory Estate|tsing Yeung Circuit Tuen Mun|hong Kong Hongkong Hk, Hong Kong",Gibo,,Sheet2
GIBSON OVERSEAS INC,"2410 Yates Ave, Commerce, CA 90040",Gibson Homeware,gibsonhomewares.com,Sheet2
"Global International Ent. Co.,Ltd.","CO. LTD, UNIT 902-3, 9/F FU HANG INDUSTRIAL BLDG, 1 HOK YUEN ST, EAST HUNG HOM, KOWLOON, HK",Global,,Sheet2
Global New Ventures Group LC,,GNV,,Sheet2
"Grupo Ruz, S.A.DE C.V.","Av. Pirules S/N lote 125-B3 Col. San Martin Obispo Tepetlixpa, 54769 Cuautitlán Izcalli, Méx., Mexico",Grupo Ruz,gruporuz.com.mx,Sheet2
Happy Line Limited,"75 Mody Road, Tsim Sha Tsui East, Hong Kong, HK",Happy Line,linktr.ee/happylinetoys,Sheet2
"Hoffmaster Group, Inc. dba Creative Converting","2920 N Main St, Oshkosh, WI 54901",Creative Converting,creativeconverting.com,Sheet2
IG DESIGN GROUP AMERICAS INC,"Atlanta, GA",DG Americas,dgamericas.com,Sheet2
"Inliten, LLC","2350 Ravine Way STE 300, Glenview, IL 60025",Inliten,inliten.com,Sheet2
"Jeanmarie Creations, LLC","10820 E 45th St, Tulsa, OK 74146",Jean Marie,jeanmariecreations.com,Sheet2
"MAX SALES GROUP, INC.","15240 Nelson Ave E, City of Industry, CA 91744",Max Sales,maxsalesgroup.com,Sheet2
Max-Union International Enterprises Limited,Rm 04-05 16/F THE BROADWAY 54-62 LOCKHART RD Wan Chai Hong Kong,Max Union,,Sheet2
"Megatoys, LLC","6443 Slauson Ave, Commerce, CA 90040",Megatoys,megatoys.com,Sheet2
Minmor Industries LLC,"6010 Earle Brown Dr, Minneapolis, MN",Mello,minmor.com,Sheet2
Mutual-B Industry Ltd.,"No.2 Yangyu Rd., Minhou Economic & Technological Zone, Minhou County Fuzhou city, Fujian Province, 350101,China",Mutual B | Mutual-B,mbhomewares.com,Sheet2
"NINGBO YEKEA HOME ARTICLES CO., LTD","No.99 XiangYun North Road, Yinzhou District, 5F, Building 7, Smart Park, NINBGO, ZHEJIANG 315103, CN",YEKEA,china-yekea.com,Sheet2
Occasions Limited,,OCCASIONS,occasions-ltd.com,Sheet2
Outset Media Corp.,"21 Edvac, Brampton, ON CA",Outset Media,outsetmedia.com,Sheet2
PACIFIC ACCENT INCORPORATED,2ND FLOOR. HUAMEI BLDG 2HUAN RD DONGGUAN CITY CHANG AN TOWN GUANGDONG CHINA 523856,Zest,,Sheet2
PALM FIBRE (INDIA) PRIVATE LIMITED,"Pathirappally, Alappuzha, 688521, India",Palm Fibre,palmfibreindia.com,Sheet2
PAPER MAGIC GROUP (HONG KONG) LTD,"21 MA TAU WAI RD, HUNG HOM, KOWLOON, HK, CN",DG Americas,papermagic.com,Sheet2
PromoKeep LLC,1241 N LAKEVIEW AVE SUITE R ANEHEIM CA 92807 USA,Promo Keep,promokeep.com,Sheet2
Shawshank LEDz Inc,"85297, 330 E Germann Rd #119, Chandler, AZ 85286",Shawshank,shawshankledz.com,Sheet2
"Shenzhen Well Gift Co.,Ltd","No. 507, Building A, Changjiangpu Road  #70–1 , He'ao, Yuanshan, Longgang, Shenzhen",Well Gift,wellgift.com,Sheet2
Sino Agro Enterprise Guangdong General Corp.,"193 Zhongshanwu Rd, Yuexiu District, Guangzhou, Guangdong Province, China, 510030",Sino Agro,,Sheet2
"Supreme Toy & Party, Inc.",,Supreme,supremeparty.com,Sheet2
Surface Packaging LLC,"1377 Broadcloth St Ste 202 Fort Mill, SC, 29715-4509 United States",Surface Packaging,surfacepackaging.com,Sheet2
"Tin Box Asia Pacific, HK LTD.","8 Des Voeux Road West, Sheung Wan, Hong Kong",Tin Box Co,tinboxco.com,Sheet2
TOM'S TOY INTERNATIONAL (HK) LIMITED,"Room 5 & 6, 6/F, Concordia Plaza, 1 Science Museum Road, Tsim Sha Tsui East, Kowloon, Hong Kong, Hong Kong",Tom's Toy,tomstoys.com,Sheet2
Tri land Corporation Ltd,"5255 Yonge St #910, North York, ON M2N 6P4, Canada",Triland,trilandcorporation.com,Sheet2
"Zhongxin Lighting(HK) Co., Limited","Huizhou, China",Zhongxin Lighting,zhongxinlighting.com,Sheet2
,,,,Sheet2
Art 101,,,,Sheet2
DTM Group Limited,,DTM,,Sheet2
Goffa International Corp.,"50 Broad Street, Carlstadt, NJ 07072",Goffa,goffausa.com,Sheet2
Pmi,,,,Sheet2
Uneeda,,,,Sheet2
Zuru,"New Mandarin Plaza Tower A, 14 Science Museum Rd, Tsim Sha Tsui, Hong Kong",,zuru.com,Sheet2
Fun World West LLC (Holiday Times),"80 Voice Road, Carle Place, NY 11514",Fun World,Fun-World.net,Sheet2
JA-RU Inc,"12901 Flagler Center Blvd., Jacksonville, Florida 32258",Jaru,jaru.com,Sheet2
OnNet Enterprise,"7780 S Quincy St Willowbrook, IL, 60527-5532 United States ",Onnet,,Sheet2
